Residue_Number,S2_exp,Rex_exp,Residue,S2_pred,S2_err,Tau_e_pred,tauE_err_ps,Rex_pred,Rex_err,tauC_global,Quality
5,0.53,2.24,5,0.63567996,0.09148883,0.0,133.31334,0.055851065,0.055851065,9.017131,Ambiguous
6,0.61,0.0,6,0.62880194,0.0594794,467.64548,196.28326,0.0056095747,0.0056095747,9.017131,Ambiguous
7,0.78,5.87,7,0.93764436,0.044951092,188.57768,183.96924,0.96837294,0.96837294,9.017131,Good
8,0.57,0.0,8,0.48422164,0.08951301,657.7698,325.199,0.0,0.0,9.017131,Ambiguous
9,0.84,1.85,9,0.93294954,0.016529826,123.623055,100.260506,0.010589713,0.010589713,9.017131,Good
10,0.83,2.04,10,0.9421295,0.02280286,92.68574,68.19922,0.014902984,0.014902984,9.017131,Good
11,0.81,0.93,11,0.8738713,0.03447947,49.850147,130.95142,0.010907583,0.010907583,9.017131,Good
12,0.83,2.24,12,0.9394687,0.013820367,134.23332,88.990654,0.010872227,0.010872227,9.017131,Good
13,0.91,0.65,13,0.95961696,0.019079752,85.073875,66.051994,0.010794347,0.010794347,9.017131,Good
14,0.86,2.22,14,0.9664871,0.019253382,124.06862,58.24777,0.0142357405,0.0142357405,9.017131,Good
15,0.79,0.95,15,0.86220944,0.029750481,59.359364,119.97903,0.011398203,0.011398203,9.017131,Good
16,0.78,0.54,16,0.83006555,0.025510876,82.205795,92.14101,0.01849067,0.01849067,9.017131,Good
17,0.76,0.0,17,0.74183345,0.055551767,272.5801,246.68994,0.0018596463,0.0018596463,9.017131,Ambiguous
18,0.85,0.79,18,0.8837754,0.011361399,212.57976,88.74163,0.00565221,0.00565221,9.017131,Good
19,0.78,0.54,19,0.83127296,0.029388914,65.13058,106.97688,0.015278721,0.015278721,9.017131,Good
20,0.84,0.91,20,0.9172228,0.024805738,63.641243,63.40514,0.015228817,0.015228817,9.017131,Good
21,0.87,0.0,21,0.7481402,0.081328504,181.12561,301.3792,0.0,0.0,9.017131,Ambiguous
22,0.94,0.64,22,0.9668066,0.016040774,155.64467,74.94738,0.006557072,0.006557072,9.017131,Good
23,0.94,0.0,23,0.85526574,0.037297312,43.172115,143.81137,0.009067244,0.009067244,9.017131,Good
24,0.88,0.41,24,0.9289986,0.030112812,49.96411,47.648575,0.017561233,0.017561233,9.017131,Good
25,0.89,0.0,25,0.92256594,0.045631547,117.3469,140.91934,0.010606535,0.010606535,9.017131,Good
26,0.91,1.07,26,0.9651052,0.02455967,134.96115,87.181206,0.0050046695,0.0050046695,9.017131,Good
27,0.92,0.0,27,0.94881546,0.017816525,118.74602,71.083755,0.009605488,0.009605488,9.017131,Good
28,0.94,0.0,28,0.9215654,0.026300928,114.8483,86.196396,0.008289716,0.008289716,9.017131,Good
29,0.89,1.5,29,0.9550527,0.017599696,152.07114,57.204243,0.00947007,0.00947007,9.017131,Good
30,0.85,0.77,30,0.9171653,0.021005876,77.91867,77.699165,0.011983539,0.011983539,9.017131,Good
31,0.88,0.0,31,0.84486467,0.031233523,52.41347,135.80696,0.009162096,0.009162096,9.017131,Good
32,0.84,0.72,32,0.9005532,0.018787004,111.53056,103.64551,0.01176305,0.01176305,9.017131,Good
33,0.82,1.7,33,0.91914046,0.022056904,83.86071,68.84547,0.01350458,0.01350458,9.017131,Good
34,0.85,0.5,34,0.9110826,0.020294018,81.61082,84.47361,0.012061218,0.012061218,9.017131,Good
35,0.83,1.58,35,0.92755795,0.03532166,49.75893,46.755466,0.017643478,0.017643478,9.017131,Good
36,0.81,3.73,36,0.9632347,0.019944761,128.25313,59.057068,0.009126844,0.009126844,9.017131,Good
37,0.83,4.03,37,0.9640409,0.021119416,164.39865,65.6486,0.015422543,0.015422543,9.017131,Good
38,0.85,0.0,38,0.88646954,0.030232608,64.07924,108.511345,0.010835105,0.010835105,9.017131,Good
40,0.79,2.46,40,0.9202258,0.03663589,74.29677,43.45515,0.020051723,0.020051723,9.017131,Good
41,0.86,1.21,41,0.9404858,0.022900002,76.87522,60.94152,0.012957633,0.012957633,9.017131,Good
42,0.91,1.12,42,0.9685036,0.018874506,121.845856,71.1432,0.0074978424,0.0074978424,9.017131,Good
43,0.89,1.1,43,0.942437,0.024275778,155.54079,78.67864,0.0044931374,0.0044931374,9.017131,Good
44,0.87,1.35,44,0.9446348,0.017720213,103.27552,80.71274,0.00959826,0.00959826,9.017131,Good
45,0.87,0.85,45,0.934612,0.021655094,91.81314,94.19602,0.009623782,0.009623782,9.017131,Good
46,0.92,0.0,46,0.93248653,0.02738074,115.74874,91.26703,0.008058647,0.008058647,9.017131,Good
47,0.82,1.4,47,0.9084686,0.020598033,77.64733,75.03024,0.014319733,0.014319733,9.017131,Good
48,0.88,0.0,48,0.8889085,0.027567647,97.399216,101.79971,0.0111453505,0.0111453505,9.017131,Good
49,0.85,1.62,49,0.9444025,0.022193464,100.72173,63.482132,0.011362583,0.011362583,9.017131,Good
50,0.8,3.0,50,0.9350318,0.033971585,107.47179,43.9301,0.02113309,0.02113309,9.017131,Good
51,0.9,1.55,51,0.95291835,0.016011318,181.39705,43.308323,0.0075710006,0.0075710006,9.017131,Good
52,0.84,0.4,52,0.89564353,0.02771475,60.67328,86.420815,0.013708824,0.013708824,9.017131,Good
53,0.86,0.72,53,0.92852604,0.024792882,80.81823,87.75017,0.012333212,0.012333212,9.017131,Good
54,0.9,2.84,54,0.97299975,0.022247672,176.95184,77.8497,0.015457426,0.015457426,9.017131,Good
55,0.88,1.97,55,0.9621541,0.017251119,151.40103,50.146427,0.006039387,0.006039387,9.017131,Good
56,0.9,1.84,56,0.9813566,0.018618297,130.3731,41.58219,0.0069084046,0.0069084046,9.017131,Good
57,0.88,0.65,57,0.93231124,0.020928396,101.33122,97.075195,0.008976388,0.008976388,9.017131,Good
58,0.88,2.0,58,0.9775812,0.01777422,122.16429,50.749413,0.008194206,0.008194206,9.017131,Good
59,0.89,0.0,59,0.8283461,0.053076673,99.60847,209.76984,0.004354964,0.004354964,9.017131,Ambiguous
60,0.84,1.2,60,0.9154258,0.016547998,110.012215,86.47593,0.012801306,0.012801306,9.017131,Good
62,0.9,0.0,62,0.86016387,0.027772482,79.62079,132.06207,0.009596798,0.009596798,9.017131,Good
63,0.74,2.41,63,0.8543153,0.059389297,68.333954,72.4234,0.028160024,0.028160024,9.017131,Ambiguous
64,0.91,0.43,64,0.94496125,0.028763156,164.75412,59.246418,0.0014124587,0.0014124587,9.017131,Good
65,0.76,4.98,65,0.9499655,0.043132152,129.07669,88.08536,0.03750347,0.03750347,9.017131,Good
66,0.91,0.0,66,0.97259456,0.033658102,160.63455,83.6396,0.0,0.0,9.017131,Good
70,0.78,2.3,70,0.8922061,0.047348786,52.024185,56.11678,0.024370704,0.024370704,9.017131,Good
71,0.89,2.94,71,0.97703344,0.017315615,181.7481,60.737232,0.001041504,0.001041504,9.017131,Good
72,0.89,1.82,72,0.97074413,0.01698612,130.48811,66.29517,0.0057053305,0.0057053305,9.017131,Good
73,0.89,0.62,73,0.94607526,0.03710525,122.18256,114.2698,0.00653587,0.00653587,9.017131,Good
74,0.83,1.81,74,0.9275123,0.017030487,99.52584,91.72998,0.011785389,0.011785389,9.017131,Good
75,0.89,0.66,75,0.9479683,0.018367274,90.03414,77.65465,0.011095997,0.011095997,9.017131,Good
76,0.96,0.39,76,0.9625847,0.019389564,186.31992,48.574448,0.0015861489,0.0015861489,9.017131,Good
77,0.83,0.56,77,0.8883935,0.027613997,56.221645,68.749695,0.014475808,0.014475808,9.017131,Good
78,0.97,1.58,78,0.98480636,0.033763226,170.10808,94.11977,0.045797624,0.045797624,9.017131,Good
79,0.7,0.58,79,0.83945894,0.038742345,432.22522,161.61133,0.0,0.0,9.017131,Good
80,0.83,0.0,80,0.82614595,0.04392999,312.6548,193.11876,0.0035866671,0.0035866671,9.017131,Good
81,0.81,1.45,81,0.92541534,0.028276665,309.33575,153.57164,0.0,0.0,9.017131,Good
82,0.83,0.56,82,0.86618596,0.017313518,178.30136,103.68254,0.008527724,0.008527724,9.017131,Good
83,0.79,0.0,83,0.7610703,0.026122173,384.7372,105.13624,0.0022015371,0.0022015371,9.017131,Good
84,0.77,3.22,84,0.9303498,0.030829996,72.617386,45.672047,0.017061811,0.017061811,9.017131,Good
85,0.89,0.38,85,0.94727725,0.02502404,61.80491,55.481293,0.015696377,0.015696377,9.017131,Good
86,0.84,0.0,86,0.88051826,0.027100297,54.89675,101.36499,0.014294073,0.014294073,9.017131,Good
87,0.81,0.82,87,0.87208354,0.03221012,48.96935,63.627728,0.020358931,0.020358931,9.017131,Good
88,0.88,3.24,88,0.9898136,0.019730026,149.59642,54.782997,0.007158014,0.007158014,9.017131,Good
89,0.81,2.5,89,0.9443286,0.020235665,72.04009,69.20936,0.013436191,0.013436191,9.017131,Good
90,0.84,0.75,90,0.9029933,0.029996194,109.681526,112.80001,0.011727894,0.011727894,9.017131,Good
91,0.83,1.17,91,0.90673715,0.026054695,77.9574,110.75482,0.011847841,0.011847841,9.017131,Good
92,0.97,0.95,92,0.9798778,0.017466387,170.66324,82.556946,0.009568302,0.009568302,9.017131,Good
93,0.84,0.84,93,0.9048462,0.023297403,67.0207,102.603775,0.012362937,0.012362937,9.017131,Good
94,0.72,2.11,94,0.8265173,0.03512915,17.092812,44.66182,0.027903978,0.027903978,9.017131,Good
95,0.83,0.0,95,0.86577684,0.024489807,96.92362,118.32497,0.013315718,0.013315718,9.017131,Good
96,0.78,0.0,96,0.8098279,0.025000714,337.10394,88.24104,0.0074641095,0.0074641095,9.017131,Good
97,0.78,0.0,97,0.7349225,0.04080366,272.3555,192.44786,0.0033756092,0.0033756092,9.017131,Good
98,0.79,0.0,98,0.80228436,0.021615515,393.0987,86.5553,0.0,0.0,9.017131,Good
99,0.72,2.07,99,0.8208092,0.022055838,93.735725,101.993744,0.017228259,0.017228259,9.017131,Good
100,0.81,2.42,100,0.93117505,0.021275533,94.47945,56.35783,0.013443602,0.013443602,9.017131,Good
103,0.81,3.23,103,0.9467002,0.020264091,148.17491,51.986046,0.009064963,0.009064963,9.017131,Good
104,0.87,2.5,104,0.97921354,0.017894126,118.36676,44.504612,0.008847708,0.008847708,9.017131,Good
105,0.96,0.0,105,0.8935176,0.043197785,78.50383,126.49613,0.008315088,0.008315088,9.017131,Good
106,0.87,0.0,106,0.84481746,0.058319688,183.93073,216.18646,0.009372105,0.009372105,9.017131,Ambiguous
107,0.92,1.01,107,0.96589154,0.018326918,147.59436,53.06551,0.008228174,0.008228174,9.017131,Good
108,0.86,1.39,108,0.9435711,0.020258974,102.25006,52.92981,0.013961902,0.013961902,9.017131,Good
110,0.85,1.88,110,0.94425356,0.01814087,120.67582,78.83613,0.010701844,0.010701844,9.017131,Good
111,0.89,0.0,111,0.8425745,0.065429576,262.00977,231.23701,0.0020961023,0.0020961023,9.017131,Ambiguous
112,0.86,0.16,112,0.90155154,0.015148536,107.41969,96.86262,0.013232244,0.013232244,9.017131,Good
113,0.88,1.21,113,0.9518234,0.019979734,95.34868,57.224495,0.012589741,0.012589741,9.017131,Good
114,0.9,0.0,114,0.9233818,0.016196545,134.79909,80.18956,0.010571607,0.010571607,9.017131,Good
115,0.86,1.2,115,0.9355067,0.020735873,108.727936,56.909794,0.013948685,0.013948685,9.017131,Good
116,0.85,2.17,116,0.9516978,0.0172201,117.22198,67.90824,0.009244607,0.009244607,9.017131,Good
117,0.86,1.2,117,0.9304846,0.015956363,137.40582,77.58985,0.010703247,0.010703247,9.017131,Good
118,0.77,1.58,118,0.8634693,0.025686577,58.290718,121.31976,0.013011078,0.013011078,9.017131,Good
120,0.94,0.0,120,0.8718484,0.024590097,40.997166,114.89066,0.01693757,0.01693757,9.017131,Good
121,0.92,1.66,121,0.9758867,0.017938424,153.59882,43.393353,0.0063875886,0.0063875886,9.017131,Good
122,0.82,2.02,122,0.92925787,0.02258006,51.885693,77.02572,0.013145578,0.013145578,9.017131,Good
123,0.91,3.01,123,0.9789257,0.022417437,189.96527,112.21317,0.008427844,0.008427844,9.017131,Good
124,0.81,1.81,124,0.9170221,0.028911272,61.114716,40.636124,0.019873334,0.019873334,9.017131,Good
125,0.78,1.69,125,0.8848127,0.021338308,52.004833,94.123314,0.016728513,0.016728513,9.017131,Good
126,0.83,0.95,126,0.90074813,0.023317818,46.976795,95.85752,0.01594777,0.01594777,9.017131,Good
127,0.94,0.0,127,0.9012543,0.030597527,81.12277,124.43537,0.010364424,0.010364424,9.017131,Good
128,0.88,1.63,128,0.9576559,0.017179485,139.48152,70.80584,0.007657776,0.007657776,9.017131,Good
129,0.91,0.8,129,0.9617565,0.019648064,120.40603,62.268738,0.0071018464,0.0071018464,9.017131,Good
130,0.84,1.05,130,0.92227745,0.03334303,47.767162,43.015095,0.019793233,0.019793233,9.017131,Good
133,0.9,3.45,133,0.9931189,0.04852698,140.47038,152.14812,0.45200452,0.45200452,9.017131,Good
134,0.83,1.49,134,0.9296752,0.02834388,39.54436,82.06748,0.012716266,0.012716266,9.017131,Good
135,0.68,0.0,135,0.7141651,0.109920174,143.12224,315.01736,0.0,0.0,9.017131,Ambiguous
136,0.91,13.83,136,0.9567214,0.054004297,150.68265,167.77039,12.374468,12.374468,9.017131,Ambiguous
137,0.87,1.05,137,0.940083,0.019033657,78.0865,80.23523,0.006358904,0.006358904,9.017131,Good
138,0.93,1.83,138,0.9881859,0.02713605,147.50604,64.894684,0.009093485,0.009093485,9.017131,Good
140,0.92,0.0,140,0.94860524,0.019310517,134.1906,77.424774,0.006194964,0.006194964,9.017131,Good
141,0.78,1.65,141,0.87386024,0.045593247,48.58513,46.590675,0.02627331,0.02627331,9.017131,Good
142,0.81,2.05,142,0.91943634,0.020842152,97.00112,65.82808,0.012568468,0.012568468,9.017131,Good
143,0.89,3.48,143,0.96848947,0.02385428,198.99997,111.353516,0.033795472,0.033795472,9.017131,Good
144,0.89,1.04,144,0.9252947,0.017774763,206.732,57.72671,0.0,0.0,9.017131,Good
145,0.8,2.13,145,0.91460437,0.021573838,56.24347,70.91944,0.0147899855,0.0147899855,9.017131,Good
146,0.8,1.26,146,0.877923,0.03342437,53.677708,120.067696,0.009916067,0.009916067,9.017131,Good
147,0.84,0.95,147,0.9160269,0.033256985,75.6668,129.0092,0.011319198,0.011319198,9.017131,Good
148,0.89,1.03,148,0.94873124,0.017159134,134.79102,90.95591,0.005817841,0.005817841,9.017131,Good
149,0.86,2.33,149,0.9721165,0.022023937,113.212585,49.76778,0.007780619,0.007780619,9.017131,Good
150,0.86,0.35,150,0.9142312,0.026539119,43.219364,78.79554,0.011681801,0.011681801,9.017131,Good
151,0.87,0.48,151,0.9210404,0.024501832,81.62258,70.90233,0.01054992,0.01054992,9.017131,Good
152,0.94,0.0,152,0.98096925,0.01859005,164.5155,52.87779,0.0,0.0,9.017131,Good
153,0.83,0.0,153,0.77200264,0.06462497,77.319214,258.76062,0.0006747328,0.0006747328,9.017131,Ambiguous
154,0.69,1.05,154,0.74602485,0.020449653,20.780552,118.59113,0.013990912,0.013990912,9.017131,Good
155,0.79,1.22,155,0.8647771,0.023919467,20.439924,114.992325,0.013864599,0.013864599,9.017131,Good
156,0.86,0.0,156,0.90831125,0.020990996,53.391743,83.48917,0.012252565,0.012252565,9.017131,Good
157,0.89,0.0,157,0.8136163,0.05667865,76.662254,226.3729,0.0020635903,0.0020635903,9.017131,Ambiguous
158,0.89,0.5,158,0.94124794,0.016240025,108.51642,88.205246,0.004690375,0.004690375,9.017131,Good
159,0.92,0.0,159,0.939572,0.017049583,138.40375,89.24392,0.0016256899,0.0016256899,9.017131,Good
160,0.94,0.0,160,0.92190963,0.018268155,75.953285,99.85533,0.003247083,0.003247083,9.017131,Good
161,0.84,1.37,161,0.92789394,0.02899563,70.56378,61.831554,0.009160094,0.009160094,9.017131,Good
162,0.35,0.0,162,0.5958632,0.15151384,560.8653,450.13354,0.0,0.0,9.017131,Ambiguous
163,0.89,1.66,163,0.9710288,0.018722594,138.93555,86.88763,0.00017299931,0.00017299931,9.017131,Good
164,0.82,1.05,164,0.89044935,0.028915467,46.46334,93.73217,0.0023134514,0.0023134514,9.017131,Good
165,0.88,2.01,165,0.9660719,0.020166041,143.27425,66.38568,0.0,0.0,9.017131,Good
166,0.82,0.94,166,0.8881117,0.030658672,50.792206,91.46952,0.0,0.0,9.017131,Good
167,0.77,2.56,167,0.8934339,0.025003435,113.23925,76.91558,0.0,0.0,9.017131,Good
168,0.81,5.42,168,0.94993037,0.04676778,146.25153,137.43863,1.499105,1.499105,9.017131,Good
169,0.89,6.29,169,0.9492308,0.044499896,184.93866,134.31496,4.2125826,4.2125826,9.017131,Ambiguous
170,0.83,2.74,170,0.87160224,0.027799029,241.86731,98.90755,0.36333197,0.36333197,9.017131,Good
171,0.54,0.63,171,0.6017992,0.04852643,615.7654,124.81396,0.0,0.0,9.017131,Good
172,0.41,0.81,172,0.4401912,0.037276912,623.26855,98.54953,0.030052092,0.030052092,9.017131,Good
