Residue_Number,S2_exp,Residue,S2_pred,S2_err,Tau_e_pred,tauE_err_ps,Rex_pred,Rex_err,Quality,tauC_global,Field,Condition
6,0.05,6,0.7096857,0.055731323,385.66763,195.43686,1.8846104,1.8846104,Ambiguous,10.420065,600.0,_sample_conditions_1
7,0.475,7,0.902365,0.08857638,334.29715,268.90256,4.169251,4.169251,Ambiguous,10.420065,600.0,_sample_conditions_1
10,0.605,10,0.9712712,0.04266396,194.87328,172.321,5.472325,5.472325,Ambiguous,10.420065,600.0,_sample_conditions_1
11,0.764,11,1.0,0.031969376,216.94121,195.3553,3.7448668,3.7448668,Ambiguous,10.420065,600.0,_sample_conditions_1
12,0.722,12,0.9850618,0.049455483,217.21005,170.67061,5.639789,5.639789,Ambiguous,10.420065,600.0,_sample_conditions_1
13,0.825,13,1.0,0.040198088,186.77022,169.2524,5.261309,5.261309,Ambiguous,10.420065,600.0,_sample_conditions_1
15,0.529,15,0.9139055,0.044619273,207.42432,153.68909,6.035894,6.035894,Ambiguous,10.420065,600.0,_sample_conditions_1
17,0.304,17,0.8676279,0.05204661,336.30875,215.8763,0.010084244,0.010084244,Ambiguous,10.420065,600.0,_sample_conditions_1
20,0.172,20,0.49488074,0.07206431,647.53973,153.05913,0.0,0.0,Ambiguous,10.420065,600.0,_sample_conditions_1
21,0.177,21,0.6202699,0.08239866,560.5058,219.09045,0.02071533,0.02071533,Ambiguous,10.420065,600.0,_sample_conditions_1
24,0.309,24,0.5469815,0.07532178,557.8468,218.11438,0.0,0.0,Ambiguous,10.420065,600.0,_sample_conditions_1
26,0.181,26,0.8185318,0.063678004,375.50516,216.67822,0.055197876,0.055197876,Ambiguous,10.420065,600.0,_sample_conditions_1
27,0.396,27,0.9868895,0.05104177,190.28654,143.49248,6.721144,6.721144,Ambiguous,10.420065,600.0,_sample_conditions_1
30,0.93,30,0.9419433,0.0436114,196.18988,155.24496,5.302961,5.302961,Ambiguous,10.420065,600.0,_sample_conditions_1
31,0.647,31,0.9757247,0.054001007,227.43407,168.46889,7.382518,7.382518,Ambiguous,10.420065,600.0,_sample_conditions_1
32,0.551,32,0.9750959,0.05118489,197.78044,143.6059,7.651184,7.651184,Ambiguous,10.420065,600.0,_sample_conditions_1
33,0.747,33,0.9823035,0.050866973,191.68411,139.94035,7.9647684,7.9647684,Ambiguous,10.420065,600.0,_sample_conditions_1
37,0.818,37,0.9576691,0.07266006,321.63336,331.33057,7.7902627,7.7902627,Ambiguous,10.420065,600.0,_sample_conditions_1
39,0.971,39,1.0,0.051849607,203.73666,169.50389,6.9190927,6.9190927,Ambiguous,10.420065,600.0,_sample_conditions_1
41,0.959,41,0.9747907,0.054411538,214.50615,158.74263,8.451772,8.451772,Ambiguous,10.420065,600.0,_sample_conditions_1
42,0.953,42,0.97353923,0.05672421,209.77681,152.69217,8.923761,8.923761,Ambiguous,10.420065,600.0,_sample_conditions_1
43,0.96,43,0.9986392,0.06732758,245.15208,227.42175,9.376173,9.376173,Ambiguous,10.420065,600.0,_sample_conditions_1
44,0.957,44,0.994511,0.05469963,206.11354,161.08652,8.379145,8.379145,Ambiguous,10.420065,600.0,_sample_conditions_1
45,0.963,45,1.0,0.051554184,180.7296,144.51929,7.9820967,7.9820967,Ambiguous,10.420065,600.0,_sample_conditions_1
47,0.903,47,0.98484737,0.01921268,220.84201,164.54115,2.025996,2.025996,Ambiguous,10.420065,600.0,_sample_conditions_1
48,0.927,48,0.9805614,0.048164,203.47325,129.42348,7.093866,7.093866,Ambiguous,10.420065,600.0,_sample_conditions_1
49,0.894,49,0.9792606,0.042504784,190.94649,139.07664,5.571541,5.571541,Ambiguous,10.420065,600.0,_sample_conditions_1
51,0.373,51,0.8942216,0.042940736,224.2614,162.32071,5.973229,5.973229,Ambiguous,10.420065,600.0,_sample_conditions_1
52,0.423,52,0.9278685,0.045208745,267.38983,149.29391,5.1406164,5.1406164,Ambiguous,10.420065,600.0,_sample_conditions_1
54,0.684,54,0.8764106,0.049888995,317.91748,173.02078,5.3591795,5.3591795,Ambiguous,10.420065,600.0,_sample_conditions_1
55,0.884,55,0.8408953,0.06523694,394.00812,272.1997,7.481621,7.481621,Ambiguous,10.420065,600.0,_sample_conditions_1
56,0.686,56,0.91169673,0.054242425,251.49754,160.69751,6.4823866,6.4823866,Ambiguous,10.420065,600.0,_sample_conditions_1
57,0.487,57,0.87708795,0.039296236,199.32475,152.21994,3.8521023,3.8521023,Ambiguous,10.420065,600.0,_sample_conditions_1
61,0.692,61,0.9546477,0.05587564,278.3507,184.78847,6.457588,6.457588,Ambiguous,10.420065,600.0,_sample_conditions_1
62,0.72,62,0.9239813,0.05498792,310.4356,208.33577,6.1559,6.1559,Ambiguous,10.420065,600.0,_sample_conditions_1
64,0.93,64,0.9879904,0.05214755,195.2005,117.296906,6.6040316,6.6040316,Ambiguous,10.420065,600.0,_sample_conditions_1
65,0.607,65,0.98211366,0.051098514,153.71724,93.50572,7.1138105,7.1138105,Ambiguous,10.420065,600.0,_sample_conditions_1
66,0.874,66,1.0,0.06592017,228.61607,192.26743,6.370038,6.370038,Ambiguous,10.420065,600.0,_sample_conditions_1
67,0.791,67,0.9897745,0.050844382,194.24507,96.38116,6.7069077,6.7069077,Ambiguous,10.420065,600.0,_sample_conditions_1
68,0.742,68,0.9827201,0.043965377,221.35509,115.5122,5.6752367,5.6752367,Ambiguous,10.420065,600.0,_sample_conditions_1
69,0.558,69,0.8943206,0.05904806,300.9059,164.39845,6.332741,6.332741,Ambiguous,10.420065,600.0,_sample_conditions_1
70,0.619,70,0.8544527,0.107518986,411.09735,371.2422,1.591757,1.591757,Ambiguous,10.420065,600.0,_sample_conditions_1
72,0.341,72,0.7427857,0.04811665,434.49213,131.54729,3.229339,3.229339,Ambiguous,10.420065,600.0,_sample_conditions_1
73,0.189,73,0.80288523,0.042180695,406.66333,147.61348,2.823777,2.823777,Ambiguous,10.420065,600.0,_sample_conditions_1
74,0.233,74,0.8540794,0.054844618,360.60284,205.73557,4.6204596,4.6204596,Ambiguous,10.420065,600.0,_sample_conditions_1
75,0.55,75,0.9637028,0.047864843,149.21487,139.2401,5.3249235,5.3249235,Ambiguous,10.420065,600.0,_sample_conditions_1
76,0.703,76,0.95495427,0.04168676,180.65839,127.21857,4.5680265,4.5680265,Ambiguous,10.420065,600.0,_sample_conditions_1
77,0.652,77,1.0,0.055421226,182.64691,124.39209,7.0716057,7.0716057,Ambiguous,10.420065,600.0,_sample_conditions_1
79,0.718,79,0.95865554,0.05557696,231.83052,141.50526,6.8049874,6.8049874,Ambiguous,10.420065,600.0,_sample_conditions_1
80,0.674,80,0.9735056,0.066043936,230.0771,152.11688,9.462861,9.462861,Ambiguous,10.420065,600.0,_sample_conditions_1
81,0.692,81,0.922551,0.058668647,285.13406,183.07457,7.0758286,7.0758286,Ambiguous,10.420065,600.0,_sample_conditions_1
97,0.973,97,0.9914076,0.062217534,237.37076,165.65712,7.731818,7.731818,Ambiguous,10.420065,600.0,_sample_conditions_1
98,0.966,98,0.93663824,0.061423216,303.01065,208.00702,7.7620773,7.7620773,Ambiguous,10.420065,600.0,_sample_conditions_1
99,0.811,99,1.0,0.051212154,192.71198,144.27701,5.690628,5.690628,Ambiguous,10.420065,600.0,_sample_conditions_1
101,0.875,101,1.0,0.066635445,190.78651,135.08151,7.3961554,7.3961554,Ambiguous,10.420065,600.0,_sample_conditions_1
104,0.96,104,0.9779911,0.059001613,216.10716,147.1411,5.689739,5.689739,Ambiguous,10.420065,600.0,_sample_conditions_1
105,0.608,105,1.0,0.057919044,146.31137,118.82433,8.510923,8.510923,Ambiguous,10.420065,600.0,_sample_conditions_1
106,0.859,106,0.9610573,0.062232185,191.29735,142.31609,5.994266,5.994266,Ambiguous,10.420065,600.0,_sample_conditions_1
108,0.782,108,1.0,0.05665691,208.61772,162.18939,5.693898,5.693898,Ambiguous,10.420065,600.0,_sample_conditions_1
109,0.836,109,0.9789235,0.05822152,140.41737,134.9927,7.1801696,7.1801696,Ambiguous,10.420065,600.0,_sample_conditions_1
110,0.747,110,1.0,0.062486652,173.31705,137.3786,7.9320707,7.9320707,Ambiguous,10.420065,600.0,_sample_conditions_1
112,0.673,112,0.9551956,0.05426817,217.30411,141.3678,4.1851068,4.1851068,Ambiguous,10.420065,600.0,_sample_conditions_1
113,0.667,113,0.70988595,0.08083058,484.0879,167.09384,3.7652268,3.7652268,Ambiguous,10.420065,600.0,_sample_conditions_1
115,0.632,115,0.49535266,0.076435804,631.5349,173.41812,1.0863202,1.0863202,Ambiguous,10.420065,600.0,_sample_conditions_1
116,0.419,116,0.42690223,0.052308068,575.36694,117.17389,0.050735652,0.050735652,Ambiguous,10.420065,600.0,_sample_conditions_1
117,0.352,117,0.36545986,0.047314424,696.44507,111.93863,0.12041304,0.12041304,Good,10.420065,600.0,_sample_conditions_1
118,0.407,118,0.30252936,0.04969142,619.9685,95.88181,0.15360881,0.15360881,Good,10.420065,600.0,_sample_conditions_1
119,0.248,119,0.24395616,0.04777832,565.4745,64.265045,0.030864412,0.030864412,Good,10.420065,600.0,_sample_conditions_1
