Residue_Number,S2_exp,Tau_e_exp,Residue,S2_pred,S2_err,Tau_e_pred,tauE_err_ps,Rex_pred,Rex_err,Quality,tauC_global,Field,Condition
3,0.847,115.9,3,0.84184825,0.036012385,244.25557,208.71321,0.0,0.0,Good,15.107213,500.0,_sample_conditions_two
4,0.871,369.4,4,0.8014113,0.05091827,389.74854,126.64097,0.98568785,0.98568785,Ambiguous,15.107213,500.0,_sample_conditions_two
6,0.91,340.4,6,0.820295,0.043147545,238.47421,257.0861,11.454919,11.454919,Ambiguous,15.107213,500.0,_sample_conditions_two
7,1.021,,7,0.96495074,0.027997902,180.8547,138.46437,3.272002,3.272002,Ambiguous,15.107213,500.0,_sample_conditions_two
8,1.101,19.0,8,0.9962101,0.03318577,188.98888,139.74733,0.45602632,0.45602632,Good,15.107213,500.0,_sample_conditions_two
9,1.063,,9,0.9685928,0.023539793,219.81013,109.271355,0.9219966,0.9219966,Good,15.107213,500.0,_sample_conditions_two
10,0.961,353.8,10,0.92118895,0.011884217,244.77844,83.95823,0.5754208,0.5754208,Good,15.107213,500.0,_sample_conditions_two
11,0.975,96.0,11,0.95382386,0.009704743,191.18411,80.46896,0.0,0.0,Good,15.107213,500.0,_sample_conditions_two
12,0.969,346.0,12,0.9358045,0.010608474,232.15791,78.08319,0.45645976,0.45645976,Good,15.107213,500.0,_sample_conditions_two
13,0.946,191.7,13,0.9215919,0.016143955,233.79259,108.49506,1.5168529,1.5168529,Good,15.107213,500.0,_sample_conditions_two
14,1.041,,14,0.98101485,0.01832327,182.93628,71.22287,0.57626575,0.57626575,Good,15.107213,500.0,_sample_conditions_two
15,0.943,381.6,15,0.90429765,0.01292801,270.23846,69.02316,0.0,0.0,Good,15.107213,500.0,_sample_conditions_two
16,0.974,,16,0.9607255,0.015231276,191.3587,60.097374,0.0,0.0,Good,15.107213,500.0,_sample_conditions_two
17,0.963,2479.8,17,0.960989,0.03049698,228.8959,106.72283,1.1934369,1.1934369,Good,15.107213,500.0,_sample_conditions_two
18,0.996,,18,0.9200937,0.014595136,222.60268,91.40143,1.4784051,1.4784051,Good,15.107213,500.0,_sample_conditions_two
23,1.035,125.9,23,0.9570711,0.029368557,224.68576,102.61408,2.0413113,2.0413113,Ambiguous,15.107213,500.0,_sample_conditions_two
24,0.969,,24,0.9354083,0.0217629,177.91388,69.01996,1.4652501,1.4652501,Good,15.107213,500.0,_sample_conditions_two
25,0.912,1434.7,25,0.93883896,0.040357787,263.61353,122.33884,2.0866334,2.0866334,Ambiguous,15.107213,500.0,_sample_conditions_two
26,0.965,,26,0.9702282,0.016299551,157.02988,76.3006,0.0,0.0,Good,15.107213,500.0,_sample_conditions_two
27,0.857,,27,0.93833685,0.026414683,102.81648,106.164696,4.0982065,4.0982065,Ambiguous,15.107213,500.0,_sample_conditions_two
28,0.877,1075.0,28,0.8944725,0.04144393,312.48828,121.742714,2.4358063,2.4358063,Ambiguous,15.107213,500.0,_sample_conditions_two
29,0.762,1418.3,29,0.8517623,0.06238908,394.09216,236.6221,0.9568803,0.9568803,Ambiguous,15.107213,500.0,_sample_conditions_two
32,0.923,,32,0.95520383,0.022038663,163.29161,56.594856,1.4847022,1.4847022,Good,15.107213,500.0,_sample_conditions_two
33,0.967,,33,0.94042015,0.009810927,198.74362,75.37702,0.0,0.0,Good,15.107213,500.0,_sample_conditions_two
34,0.938,,34,0.96521026,0.013823111,178.91652,66.0581,0.0,0.0,Good,15.107213,500.0,_sample_conditions_two
35,0.868,153.8,35,0.8764552,0.024841892,82.82992,54.74962,0.0050355266,0.0050355266,Good,15.107213,500.0,_sample_conditions_two
46,0.755,905.8,46,0.700354,0.08717453,526.0795,165.77985,5.9057016,5.9057016,Ambiguous,15.107213,500.0,_sample_conditions_two
47,0.824,1296.9,47,0.86161506,0.08744338,399.12326,200.7334,4.388571,4.388571,Ambiguous,15.107213,500.0,_sample_conditions_two
49,0.744,1057.9,49,0.7276285,0.1101653,519.4553,195.44789,6.4602737,6.4602737,Ambiguous,15.107213,500.0,_sample_conditions_two
50,0.917,1148.1,50,0.8458316,0.034309175,259.47177,120.45607,8.877663,8.877663,Ambiguous,15.107213,500.0,_sample_conditions_two
51,0.72,1026.6,51,0.70317924,0.05710729,524.9438,232.6879,3.869292,3.869292,Ambiguous,15.107213,500.0,_sample_conditions_two
52,0.857,1132.4,52,0.87282544,0.036845528,355.09308,157.22267,0.0,0.0,Good,15.107213,500.0,_sample_conditions_two
53,0.962,1059.5,53,0.95743644,0.021927452,234.31888,77.89918,0.43977857,0.43977857,Good,15.107213,500.0,_sample_conditions_two
56,1.092,757.1,56,0.9730708,0.030724788,218.3305,111.62486,4.56805,4.56805,Ambiguous,15.107213,500.0,_sample_conditions_two
57,0.741,730.3,57,0.6944764,0.0348396,465.6422,85.7844,0.0,0.0,Good,15.107213,500.0,_sample_conditions_two
58,0.939,589.0,58,0.9014166,0.02471519,313.19754,118.8026,0.24008112,0.24008112,Good,15.107213,500.0,_sample_conditions_two
63,0.88,1762.9,63,0.9311137,0.060025778,302.98495,149.9712,3.15412,3.15412,Ambiguous,15.107213,500.0,_sample_conditions_two
79,0.933,1893.0,79,0.94878674,0.015400169,253.47441,70.115746,0.020380458,0.020380458,Good,15.107213,500.0,_sample_conditions_two
82,1.089,144.2,82,0.9791466,0.02770855,198.71008,82.86187,2.6446905,2.6446905,Ambiguous,15.107213,500.0,_sample_conditions_two
83,0.972,4505.6,83,0.973069,0.013795998,207.78458,49.495884,0.0025466487,0.0025466487,Good,15.107213,500.0,_sample_conditions_two
84,0.947,1353.1,84,0.94373703,0.016296841,251.92085,55.354824,0.0,0.0,Good,15.107213,500.0,_sample_conditions_two
85,0.897,1067.8,85,0.9076028,0.038175322,305.61078,82.45197,3.2999272,3.2999272,Ambiguous,15.107213,500.0,_sample_conditions_two
86,0.902,,86,0.9439908,0.06513061,85.27211,134.17328,0.0,0.0,Ambiguous,15.107213,500.0,_sample_conditions_two
90,0.884,1766.9,90,0.935503,0.041146263,281.01346,89.01441,2.8954587,2.8954587,Ambiguous,15.107213,500.0,_sample_conditions_two
91,1.031,1147.5,91,0.95013297,0.018279262,237.14888,67.96073,0.08640958,0.08640958,Good,15.107213,500.0,_sample_conditions_two
95,0.967,,95,0.99136287,0.021224884,121.82341,49.27853,0.0,0.0,Good,15.107213,500.0,_sample_conditions_two
96,0.968,363.3,96,0.927791,0.012758399,241.29248,60.61714,0.24978867,0.24978867,Good,15.107213,500.0,_sample_conditions_two
98,0.975,561.8,98,0.9502816,0.016834648,235.14409,45.14119,0.0,0.0,Good,15.107213,500.0,_sample_conditions_two
99,0.926,4046.7,99,0.94463146,0.05659402,286.54886,218.52664,0.6293388,0.6293388,Ambiguous,15.107213,500.0,_sample_conditions_two
100,0.866,1432.3,100,0.9126682,0.052271884,321.39893,148.54434,1.6848185,1.6848185,Ambiguous,15.107213,500.0,_sample_conditions_two
104,1.07,1214.5,104,0.9653266,0.034587372,237.76062,120.12931,6.4707413,6.4707413,Ambiguous,15.107213,500.0,_sample_conditions_two
105,0.867,1758.9,105,0.9321184,0.030983388,292.78278,169.25429,0.69828767,0.69828767,Good,15.107213,500.0,_sample_conditions_two
106,0.737,1724.9,106,0.8233088,0.1490775,458.34225,306.10114,5.6192613,5.6192613,Ambiguous,15.107213,500.0,_sample_conditions_two
107,0.738,1752.0,107,0.857251,0.11216184,410.82382,262.69574,2.8402004,2.8402004,Ambiguous,15.107213,500.0,_sample_conditions_two
108,0.838,1252.1,108,0.86481076,0.041687835,365.95496,132.03276,0.12956315,0.12956315,Good,15.107213,500.0,_sample_conditions_two
117,0.973,350.2,117,0.93240815,0.017563691,218.5641,92.56557,1.149623,1.149623,Good,15.107213,500.0,_sample_conditions_two
118,0.949,,118,0.97956306,0.017691681,123.8927,84.41183,0.0062633767,0.0062633767,Good,15.107213,500.0,_sample_conditions_two
119,1.009,114.5,119,0.9562553,0.018374495,218.38599,61.85958,0.020835962,0.020835962,Good,15.107213,500.0,_sample_conditions_two
120,0.9,,120,0.90589505,0.017465949,141.087,98.22976,0.0,0.0,Good,15.107213,500.0,_sample_conditions_two
121,0.979,,121,0.9409971,0.010195711,223.93855,61.01617,0.0,0.0,Good,15.107213,500.0,_sample_conditions_two
122,0.933,1364.4,122,0.93712103,0.015661327,256.6837,40.233635,0.0,0.0,Good,15.107213,500.0,_sample_conditions_two
125,0.991,111.2,125,0.9569623,0.016944084,205.77953,66.50306,0.26435754,0.26435754,Good,15.107213,500.0,_sample_conditions_two
126,0.963,,126,0.981424,0.01937569,119.09391,88.95707,0.0,0.0,Good,15.107213,500.0,_sample_conditions_two
127,0.992,78.2,127,0.96988523,0.014952252,169.505,85.06514,0.2616857,0.2616857,Good,15.107213,500.0,_sample_conditions_two
128,0.993,,128,0.94231004,0.018957676,224.81613,69.74938,0.047958605,0.047958605,Good,15.107213,500.0,_sample_conditions_two
129,0.912,5367.3,129,0.98300016,0.040886186,226.57391,181.63269,1.0307901,1.0307901,Good,15.107213,500.0,_sample_conditions_two
130,0.748,1064.7,130,0.6741773,0.106677525,555.5092,167.95868,3.4998233,3.4998233,Ambiguous,15.107213,500.0,_sample_conditions_two
131,0.834,1430.2,131,0.87431985,0.0161094,228.15063,98.931496,0.0,0.0,Good,15.107213,500.0,_sample_conditions_two
132,0.943,1401.6,132,0.96920216,0.019540118,189.45293,78.33924,0.50099677,0.50099677,Good,15.107213,500.0,_sample_conditions_two
137,0.803,2178.7,137,0.88988525,0.117789,382.31665,250.0033,8.181496,8.181496,Ambiguous,15.107213,500.0,_sample_conditions_two
147,0.536,1545.2,147,0.45824194,0.21147993,769.25037,393.86026,11.67296,11.67296,Ambiguous,15.107213,500.0,_sample_conditions_two
148,0.88,489.7,148,0.66447014,0.10747272,596.1305,248.87239,6.5430117,6.5430117,Ambiguous,15.107213,500.0,_sample_conditions_two
149,0.913,396.6,149,0.84571236,0.03440554,345.7907,115.5624,2.4476552,2.4476552,Ambiguous,15.107213,500.0,_sample_conditions_two
150,0.932,1262.1,150,0.7928593,0.023770636,213.12666,78.49034,3.7023506,3.7023506,Ambiguous,15.107213,500.0,_sample_conditions_two
153,0.92,896.5,153,0.91795254,0.024410712,277.4561,100.17304,0.32687497,0.32687497,Good,15.107213,500.0,_sample_conditions_two
154,0.813,1087.0,154,0.8327408,0.033357326,395.8907,126.68898,0.08695422,0.08695422,Good,15.107213,500.0,_sample_conditions_two
155,0.838,864.4,155,0.8277815,0.06051954,378.50363,132.24825,7.0932207,7.0932207,Ambiguous,15.107213,500.0,_sample_conditions_two
156,0.881,1459.6,156,0.9229081,0.037438437,284.36603,150.03291,1.2214606,1.2214606,Good,15.107213,500.0,_sample_conditions_two
159,0.99,,159,0.94763106,0.030541891,198.65974,108.76014,2.065144,2.065144,Ambiguous,15.107213,500.0,_sample_conditions_two
160,0.971,336.0,160,0.9267596,0.025655704,221.00612,117.979866,1.7277209,1.7277209,Good,15.107213,500.0,_sample_conditions_two
161,0.96,558.4,161,0.9286698,0.040241458,265.58655,124.36787,2.611161,2.611161,Ambiguous,15.107213,500.0,_sample_conditions_two
162,0.947,283.2,162,0.91966474,0.0201615,214.83543,115.61761,1.6278604,1.6278604,Good,15.107213,500.0,_sample_conditions_two
163,1.052,,163,0.9633627,0.022080751,207.02739,100.84791,1.2529185,1.2529185,Good,15.107213,500.0,_sample_conditions_two
171,1.013,2153.7,171,0.97133875,0.014463492,186.37256,75.999146,0.1754107,0.1754107,Good,15.107213,500.0,_sample_conditions_two
173,0.899,1900.7,173,0.9476682,0.03195537,259.02753,125.07383,1.0835793,1.0835793,Good,15.107213,500.0,_sample_conditions_two
174,0.966,76.5,174,0.955078,0.014914477,177.61961,90.81105,0.045858037,0.045858037,Good,15.107213,500.0,_sample_conditions_two
175,0.906,1319.4,175,0.9289085,0.038043663,271.69772,112.731674,4.3584137,4.3584137,Ambiguous,15.107213,500.0,_sample_conditions_two
176,0.968,403.1,176,0.9308461,0.01949656,242.85252,88.89923,0.4099342,0.4099342,Good,15.107213,500.0,_sample_conditions_two
177,0.992,,177,0.95267487,0.017577447,204.4859,99.86066,1.0041084,1.0041084,Good,15.107213,500.0,_sample_conditions_two
178,1.048,142.2,178,0.96281993,0.027806027,207.17569,97.19446,2.0755055,2.0755055,Ambiguous,15.107213,500.0,_sample_conditions_two
179,0.985,,179,0.95605576,0.013974388,197.56277,83.26964,0.4797253,0.4797253,Good,15.107213,500.0,_sample_conditions_two
180,1.088,,180,0.97108424,0.030524386,222.46841,93.55307,1.449007,1.449007,Good,15.107213,500.0,_sample_conditions_two
181,0.988,624.2,181,0.9608278,0.037309777,178.15802,95.19011,4.4491224,4.4491224,Ambiguous,15.107213,500.0,_sample_conditions_two
182,1.048,101.0,182,0.9668102,0.024903566,213.93196,69.437836,0.81801987,0.81801987,Good,15.107213,500.0,_sample_conditions_two
183,0.983,,183,0.9709792,0.033375595,181.8154,110.327515,4.6134443,4.6134443,Ambiguous,15.107213,500.0,_sample_conditions_two
184,0.883,76.6,184,0.90330714,0.03363098,195.5009,142.84467,2.246666,2.246666,Ambiguous,15.107213,500.0,_sample_conditions_two
186,0.742,1201.1,186,0.7717627,0.15506841,501.9735,231.37737,9.300261,9.300261,Ambiguous,15.107213,500.0,_sample_conditions_two
187,0.926,437.0,187,0.82823944,0.14293148,458.03732,278.54623,5.420499,5.420499,Ambiguous,15.107213,500.0,_sample_conditions_two
188,0.917,1479.4,188,0.9467038,0.047228023,274.05215,128.63884,1.4821651,1.4821651,Good,15.107213,500.0,_sample_conditions_two
191,0.44,804.0,191,0.53631884,0.08345921,493.6862,393.9449,0.0,0.0,Ambiguous,15.107213,500.0,_sample_conditions_two
