Residue,S2,S2_err,S2_Amb,tauE_ps,tauE_err_ps,tauE_Amb,Rex,Rex_err,Rex_Amb,Entropy_proxy,tauC_global
3,0.0472,0.0172,Good,425.05,26.58,Ambiguous,-0.050,0.117,Good,4.764,13.596
5,0.0843,0.0187,Good,595.69,19.96,Good,-0.034,0.040,Good,4.579,13.596
6,0.1173,0.0152,Good,692.81,17.42,Good,-0.051,0.053,Good,4.413,13.596
7,0.2432,0.0174,Good,742.88,43.35,Ambiguous,-0.062,0.096,Good,3.784,13.596
10,0.8174,0.0190,Good,278.62,38.99,Ambiguous,-0.041,0.057,Good,0.913,13.596
11,0.8737,0.0145,Good,224.70,22.75,Good,0.027,0.068,Good,0.632,13.596
12,0.9306,0.0104,Good,130.33,12.64,Good,-0.002,0.040,Good,0.347,13.596
13,0.9321,0.0089,Good,172.45,12.31,Good,0.002,0.037,Good,0.340,13.596
14,0.9579,0.0139,Good,125.59,32.76,Ambiguous,0.623,0.677,Ambiguous,0.210,13.596
15,0.9152,0.0112,Good,64.99,12.92,Good,0.001,0.036,Good,0.424,13.596
16,0.9281,0.0077,Good,197.68,11.29,Good,-0.003,0.033,Good,0.359,13.596
17,0.9224,0.0097,Good,82.44,16.32,Good,0.003,0.030,Good,0.388,13.596
18,0.9299,0.0092,Good,99.27,16.37,Good,0.012,0.034,Good,0.351,13.596
19,0.9780,0.0057,Good,101.25,15.42,Good,-0.006,0.022,Good,0.110,13.596
20,0.9285,0.0062,Good,63.97,15.97,Good,0.001,0.024,Good,0.357,13.596
21,0.9377,0.0050,Good,115.70,17.10,Good,0.003,0.015,Good,0.312,13.596
22,0.9102,0.0113,Good,55.17,13.63,Good,0.012,0.026,Good,0.449,13.596
23,0.9256,0.0076,Good,73.95,13.03,Good,0.003,0.024,Good,0.372,13.596
24,0.9501,0.0056,Good,119.37,15.54,Good,0.012,0.021,Good,0.250,13.596
25,0.9308,0.0103,Good,114.18,20.91,Good,0.150,0.190,Good,0.346,13.596
26,0.9513,0.0064,Good,145.29,11.77,Good,0.001,0.016,Good,0.244,13.596
29,0.9063,0.0092,Good,112.25,19.17,Good,0.004,0.018,Good,0.469,13.596
30,0.9301,0.0046,Good,102.72,13.48,Good,0.011,0.018,Good,0.350,13.596
31,0.9568,0.0039,Good,89.95,16.26,Good,0.012,0.019,Good,0.216,13.596
32,0.9721,0.0095,Good,100.83,29.71,Ambiguous,0.211,0.249,Good,0.139,13.596
33,0.9541,0.0072,Good,183.35,13.71,Good,-0.001,0.021,Good,0.229,13.596
34,0.9149,0.0121,Good,131.69,24.93,Ambiguous,0.004,0.027,Good,0.425,13.596
36,0.8739,0.0166,Good,180.73,30.66,Ambiguous,0.003,0.028,Good,0.631,13.596
37,0.9340,0.0056,Good,64.19,13.84,Good,0.018,0.026,Good,0.330,13.596
38,0.9153,0.0063,Good,48.43,14.21,Good,0.016,0.028,Good,0.424,13.596
40,0.8764,0.0096,Good,63.15,18.11,Good,0.004,0.030,Good,0.618,13.596
41,0.9252,0.0090,Good,201.07,17.34,Good,0.010,0.015,Good,0.374,13.596
42,0.8766,0.0095,Good,81.23,9.28,Good,0.023,0.021,Good,0.617,13.596
43,0.9267,0.0057,Good,132.11,11.11,Good,0.014,0.014,Good,0.367,13.596
44,0.9021,0.0064,Good,80.37,9.11,Good,0.024,0.020,Good,0.490,13.596
45,0.9229,0.0140,Good,133.73,29.58,Ambiguous,12.907,0.644,Ambiguous,0.385,13.596
46,0.9565,0.0044,Good,182.08,9.32,Good,0.003,0.028,Good,0.218,13.596
47,0.8911,0.0118,Good,137.36,25.64,Ambiguous,0.007,0.022,Good,0.544,13.596
49,0.9200,0.0038,Good,184.05,11.79,Good,0.006,0.010,Good,0.400,13.596
50,0.9401,0.0055,Good,96.59,11.92,Good,0.008,0.016,Good,0.300,13.596
51,0.9048,0.0063,Good,43.54,16.18,Good,0.012,0.027,Good,0.476,13.596
52,0.8702,0.0074,Good,59.49,15.34,Good,0.019,0.029,Good,0.649,13.596
53,0.8711,0.0140,Good,100.32,24.35,Good,0.004,0.027,Good,0.645,13.596
54,0.9476,0.0047,Good,141.06,13.11,Good,0.017,0.017,Good,0.262,13.596
55,0.9392,0.0065,Good,95.14,11.87,Good,0.007,0.015,Good,0.304,13.596
56,0.9312,0.0044,Good,128.85,12.70,Good,0.009,0.013,Good,0.344,13.596
58,0.9279,0.0090,Good,80.56,8.87,Good,0.024,0.022,Good,0.361,13.596
59,0.9223,0.0061,Good,52.97,14.95,Good,0.011,0.024,Good,0.388,13.596
60,0.9477,0.0045,Good,72.38,14.34,Good,0.017,0.020,Good,0.262,13.596
61,0.9411,0.0060,Good,99.73,11.28,Good,0.024,0.020,Good,0.295,13.596
62,0.9243,0.0043,Good,77.68,14.64,Good,0.016,0.018,Good,0.378,13.596
63,0.9531,0.0039,Good,91.78,13.55,Good,0.018,0.016,Good,0.235,13.596
64,0.9653,0.0057,Good,147.06,11.82,Good,0.019,0.024,Good,0.173,13.596
65,0.9349,0.0074,Good,86.54,10.13,Good,0.024,0.019,Good,0.325,13.596
66,0.8950,0.0107,Good,29.21,19.60,Good,0.006,0.031,Good,0.525,13.596
67,0.9094,0.0088,Good,39.96,11.36,Good,0.021,0.031,Good,0.453,13.596
68,0.9604,0.0041,Good,129.83,11.68,Good,0.013,0.015,Good,0.198,13.596
69,0.9466,0.0031,Good,83.14,15.01,Good,0.012,0.015,Good,0.267,13.596
70,0.9212,0.0150,Good,165.39,24.84,Ambiguous,0.004,0.024,Good,0.394,13.596
71,0.9467,0.0047,Good,132.39,13.91,Good,0.008,0.013,Good,0.267,13.596
72,0.7010,0.0293,Good,246.00,48.99,Ambiguous,-0.013,0.032,Good,1.495,13.596
73,0.8115,0.0143,Good,69.84,26.17,Ambiguous,0.000,0.036,Good,0.943,13.596
74,0.8638,0.0075,Good,36.76,18.07,Good,0.013,0.031,Good,0.681,13.596
75,0.8942,0.0061,Good,62.43,14.74,Good,0.018,0.028,Good,0.529,13.596
76,0.9389,0.0038,Good,92.51,14.85,Good,0.014,0.017,Good,0.305,13.596
77,0.9221,0.0054,Good,55.25,14.53,Good,0.015,0.024,Good,0.389,13.596
78,0.9483,0.0058,Good,54.65,12.50,Good,0.016,0.024,Good,0.258,13.596
79,0.9660,0.0050,Good,151.57,9.84,Good,0.015,0.019,Good,0.170,13.596
80,0.9722,0.0037,Good,155.67,7.15,Good,0.010,0.012,Good,0.139,13.596
81,0.9455,0.0038,Good,96.04,13.79,Good,0.018,0.016,Good,0.273,13.596
82,0.9346,0.0071,Good,40.58,13.71,Good,0.013,0.024,Good,0.327,13.596
83,0.9494,0.0052,Good,140.97,14.69,Good,0.035,0.042,Good,0.253,13.596
84,0.9961,0.0048,Good,141.01,11.26,Good,0.014,0.024,Good,0.020,13.596
85,0.9184,0.0056,Good,78.67,12.43,Good,0.018,0.019,Good,0.408,13.596
86,0.9556,0.0049,Good,67.49,12.86,Good,0.017,0.023,Good,0.222,13.596
87,0.9312,0.0055,Good,152.41,10.37,Good,0.008,0.010,Good,0.344,13.596
89,0.9636,0.0042,Good,76.38,13.66,Good,0.017,0.021,Good,0.182,13.596
90,0.9493,0.0069,Good,80.51,10.82,Good,0.025,0.028,Good,0.253,13.596
96,0.8858,0.0176,Good,126.63,21.02,Good,0.002,0.025,Good,0.571,13.596
97,0.9567,0.0096,Good,147.71,12.56,Good,0.008,0.015,Good,0.217,13.596
98,0.9746,0.0053,Good,141.30,14.32,Good,0.036,0.057,Good,0.127,13.596
100,0.9660,0.0036,Good,93.56,12.31,Good,0.009,0.015,Good,0.170,13.596
101,0.9304,0.0077,Good,82.14,11.82,Good,0.019,0.028,Good,0.348,13.596
102,0.9449,0.0049,Good,128.15,10.30,Good,0.011,0.018,Good,0.276,13.596
103,0.9551,0.0041,Good,91.25,12.50,Good,0.012,0.025,Good,0.225,13.596
104,0.9949,0.0047,Good,129.43,7.52,Good,0.006,0.019,Good,0.025,13.596
105,0.9780,0.0063,Good,174.73,14.50,Good,0.023,0.051,Good,0.110,13.596
106,0.9630,0.0057,Good,138.27,8.38,Good,0.013,0.030,Good,0.185,13.596
107,0.9646,0.0078,Good,121.44,19.59,Good,1.294,0.845,Ambiguous,0.177,13.596
109,0.9136,0.0077,Good,124.23,19.80,Good,1.049,0.780,Ambiguous,0.432,13.596
110,0.9550,0.0057,Good,117.53,10.64,Good,0.005,0.030,Good,0.225,13.596
111,0.9696,0.0069,Good,132.67,15.96,Good,0.040,0.102,Good,0.152,13.596
113,0.9691,0.0080,Good,143.57,13.04,Good,0.151,0.350,Good,0.154,13.596
114,0.9836,0.0102,Good,137.58,11.50,Good,0.195,0.450,Good,0.082,13.596
115,0.9286,0.0112,Good,95.94,11.48,Good,-0.010,0.053,Good,0.357,13.596
119,0.5625,0.0259,Good,486.81,51.48,Ambiguous,0.006,0.059,Good,2.188,13.596
120,0.1409,0.0281,Good,708.10,47.51,Ambiguous,-0.004,0.097,Good,4.296,13.596
