Residue,Tauc_ns,Tauc_err_ns,S2,S2_err,Rex_1/s,Rex_err_1/s
2,9.30,0.59,0.524,0.032,0.00,0.00
3,8.19,0.54,0.691,0.043,0.00,0.00
4,8.64,0.49,0.719,0.040,1.69,0.31
5,10.26,0.42,0.837,0.035,0.00,0.00
6,10.04,0.76,0.852,0.062,0.00,0.00
7,9.50,0.41,0.794,0.034,0.00,0.00
8,9.60,0.28,0.782,0.022,0.00,0.00
9,8.94,0.30,0.797,0.026,1.93,0.23
10,10.08,0.55,0.911,0.047,0.00,0.00
11,8.99,0.29,0.895,0.028,0.00,0.00
12,9.09,0.35,0.772,0.030,0.00,0.00
13,9.13,0.47,0.761,0.040,0.00,0.00
14,9.07,0.53,0.773,0.044,0.00,0.00
15,10.05,0.37,0.436,0.016,0.00,0.00
16,9.48,0.48,0.688,0.032,0.00,0.00
18,9.86,0.43,0.822,0.032,0.00,0.00
20,8.89,0.31,0.841,0.030,1.56,0.28
21,8.66,0.43,0.835,0.041,2.57,0.36
22,9.12,0.37,0.847,0.035,0.00,0.00
23,9.50,0.32,0.885,0.030,0.00,0.00
24,9.84,0.57,0.745,0.042,0.00,0.00
25,9.61,0.62,0.804,0.047,0.00,0.00
26,9.25,0.23,0.853,0.022,0.00,0.00
27,9.30,0.40,0.776,0.033,2.38,0.27
28,9.69,0.41,0.798,0.032,0.00,0.00
29,8.89,0.47,0.834,0.043,0.00,0.00
30,8.94,0.37,0.748,0.030,2.07,0.30
32,9.62,0.64,0.774,0.047,0.00,0.00
33,9.41,0.44,0.767,0.035,0.00,0.00
34,9.27,0.34,0.751,0.026,0.00,0.00
35,9.45,0.53,0.801,0.043,0.00,0.00
36,9.13,0.36,0.785,0.030,0.00,0.00
37,9.36,0.23,0.838,0.021,0.00,0.00
38,9.50,0.35,0.821,0.030,0.00,0.00
39,9.39,0.55,0.826,0.046,0.00,0.00
40,9.08,0.34,0.791,0.030,0.00,0.00
41,9.23,0.38,0.747,0.031,3.07,0.24
42,10.09,0.56,0.742,0.041,0.00,0.00
43,9.46,0.34,0.854,0.031,0.00,0.00
44,9.79,0.56,0.821,0.045,1.24,0.38
45,10.02,0.47,0.841,0.037,0.00,0.00
46,9.94,0.26,0.853,0.023,0.00,0.00
47,9.81,0.37,0.875,0.032,0.00,0.00
48,10.28,0.41,0.866,0.034,0.00,0.00
49,10.71,0.32,0.820,0.024,0.00,0.00
50,10.20,0.61,0.840,0.047,0.00,0.00
51,9.92,0.27,0.879,0.024,0.00,0.00
52,10.20,0.22,0.816,0.018,0.00,0.00
53,9.98,0.32,0.794,0.025,0.00,0.00
54,9.72,0.32,0.874,0.029,0.00,0.00
55,9.72,0.25,0.893,0.023,0.00,0.00
58,9.51,0.25,0.854,0.023,0.00,0.00
59,10.32,0.32,0.839,0.025,0.00,0.00
61,8.67,0.38,0.623,0.027,6.05,0.20
62,8.58,0.40,0.751,0.035,1.59,0.39
64,9.92,0.44,0.786,0.033,0.00,0.00
65,10.16,0.37,0.820,0.030,0.00,0.00
66,9.59,0.25,0.799,0.019,1.13,0.14
67,9.80,0.47,0.714,0.032,5.29,0.37
68,9.60,0.55,0.834,0.045,0.00,0.00
69,9.12,0.58,0.865,0.050,1.20,0.30
70,8.37,0.53,0.873,0.050,2.52,0.42
71,9.22,0.36,0.878,0.033,0.00,0.00
72,9.50,0.39,0.777,0.030,2.97,0.24
73,10.30,0.61,0.823,0.048,0.00,0.00
74,9.77,0.35,0.852,0.030,0.00,0.00
75,9.63,0.30,0.849,0.026,0.00,0.00
77,9.05,0.32,0.843,0.032,3.99,0.40
78,9.93,0.44,0.878,0.038,0.00,0.00
79,9.24,0.27,0.853,0.026,3.17,0.40
80,9.10,0.31,0.790,0.026,0.94,0.23
81,9.88,0.31,0.766,0.023,0.00,0.00
82,10.33,0.49,0.897,0.040,0.00,0.00
83,8.99,0.39,0.841,0.036,1.80,0.35
84,9.55,0.28,0.771,0.022,1.06,0.22
87,10.10,0.23,0.818,0.018,0.00,0.00
88,10.17,0.32,0.755,0.025,0.00,0.00
89,9.81,0.18,0.809,0.016,0.00,0.00
91,9.61,0.27,0.823,0.025,3.10,0.23
92,9.16,0.23,0.693,0.018,2.18,0.31
93,9.59,0.61,0.732,0.041,0.00,0.00
94,9.66,0.43,0.728,0.032,0.00,0.00
95,9.28,0.33,0.823,0.027,0.00,0.00
96,8.96,0.32,0.774,0.028,0.00,0.00
98,9.17,0.29,0.783,0.024,1.45,0.28
99,9.13,0.34,0.743,0.028,3.79,0.30
100,10.21,0.60,0.830,0.045,2.52,0.46
101,10.32,0.35,0.870,0.030,0.00,0.00
102,9.66,0.42,0.878,0.039,1.11,0.27
103,10.18,0.24,0.818,0.019,0.00,0.00
104,10.29,0.41,0.858,0.034,0.00,0.00
105,10.13,0.42,0.830,0.035,0.00,0.00
106,10.07,0.26,0.864,0.023,0.00,0.00
107,10.33,0.49,0.889,0.041,0.00,0.00
109,9.96,0.39,0.842,0.032,0.00,0.00
110,9.98,0.32,0.835,0.027,0.00,0.00
111,10.15,0.47,0.840,0.037,0.00,0.00
113,8.62,0.27,0.827,0.027,0.00,0.00
114,9.13,0.32,0.760,0.025,2.82,0.22
115,10.18,0.42,0.795,0.032,0.00,0.00
116,9.35,0.38,0.720,0.030,1.36,0.30
117,9.48,0.35,0.869,0.032,0.00,0.00
118,9.24,0.33,0.757,0.027,1.49,0.33
119,8.85,0.38,0.783,0.034,1.49,0.19
120,9.12,0.34,0.748,0.027,1.35,0.20
122,9.10,0.50,0.689,0.038,1.46,0.37
123,8.76,0.42,0.549,0.028,1.60,0.14
124,7.37,0.53,0.695,0.049,2.47,0.38
126,7.52,0.22,0.520,0.016,3.77,0.14
127,8.86,0.52,0.780,0.043,2.60,0.28
129,9.64,0.66,0.847,0.052,0.00,0.00
130,9.60,0.30,0.862,0.027,0.00,0.00
131,9.28,0.31,0.862,0.030,1.33,0.30
132,9.69,0.41,0.874,0.036,0.00,0.00
133,9.41,0.53,0.891,0.049,0.00,0.00
134,9.36,0.28,0.971,0.030,0.00,0.00
136,9.43,0.37,0.859,0.034,0.00,0.00
138,9.67,0.37,0.831,0.033,0.00,0.00
139,9.83,0.37,0.865,0.033,0.00,0.00
140,9.65,0.29,0.850,0.026,0.00,0.00
141,9.71,0.29,0.866,0.027,0.00,0.00
143,9.54,0.34,0.762,0.026,0.00,0.00
145,8.87,0.40,0.714,0.029,2.28,0.63
147,9.51,0.50,0.755,0.038,0.00,0.00
148,8.75,0.51,0.732,0.039,1.97,0.38
149,10.09,0.46,0.743,0.034,0.00,0.00
150,9.48,0.29,0.761,0.022,2.35,0.17
152,8.51,0.28,0.667,0.023,0.00,0.00
153,8.22,0.45,0.589,0.032,0.00,0.00
154,7.29,0.56,0.388,0.030,0.00,0.00
155,6.73,0.97,0.188,0.024,0.00,0.00