Residue,True_S2,True_tauE_ps,True_Rex_s1,True_tauC_ns
1,0.7505,271.13,9.437,6.784
2,0.5099,631.26,2.210,6.784
3,0.7721,2.47,0.000,6.784
4,0.9985,81.56,0.000,6.784
5,0.1664,421.89,0.000,6.784
6,0.6608,452.01,0.000,6.784
7,0.9303,101.30,0.000,6.784
8,0.8818,10.75,0.000,6.784
9,0.2818,275.97,0.000,6.784
10,0.5470,71.45,0.000,6.784
11,0.9083,74.38,6.263,6.784
12,0.9411,47.46,0.000,6.784
13,0.2289,292.44,0.000,6.784
14,0.7126,41.73,0.000,6.784
15,0.2298,590.23,0.000,6.784
16,0.7950,158.20,0.000,6.784
17,0.3856,492.73,8.434,6.784
18,0.9618,75.47,0.000,6.784
19,0.6773,283.09,0.000,6.784
20,0.0298,83.62,0.000,6.784
21,0.0602,869.96,0.000,6.784
22,0.4513,620.36,14.558,6.784
23,0.9776,103.91,6.905,6.784
24,0.4118,508.78,0.000,6.784
25,0.0419,751.13,0.000,6.784
26,0.8701,353.73,0.000,6.784
27,0.9735,199.51,0.000,6.784
28,0.7749,74.78,0.000,6.784
29,0.4104,525.00,0.000,6.784
30,0.8946,336.21,8.529,6.784
31,0.4005,238.70,4.264,6.784
32,0.1052,685.69,6.789,6.784
33,0.9567,142.23,0.000,6.784
34,0.3029,741.02,0.000,6.784
35,0.7913,15.49,0.000,6.784
36,0.3091,668.73,5.678,6.784
37,0.8493,121.37,3.187,6.784
38,0.5956,422.53,0.000,6.784
39,0.4605,220.40,0.000,6.784
40,0.7907,45.60,0.000,6.784
41,0.7871,152.51,8.926,6.784
42,0.9749,151.63,0.000,6.784
43,0.4785,156.93,0.000,6.784
44,0.7526,123.12,0.000,6.784
45,0.6770,460.59,0.000,6.784
46,0.0975,618.30,0.000,6.784
47,0.8299,177.52,3.906,6.784
48,0.3408,133.15,0.000,6.784
49,0.5169,350.81,0.000,6.784
50,0.6378,110.35,0.000,6.784
51,0.9061,90.18,0.000,6.784
52,0.9576,95.02,0.000,6.784
53,0.9734,94.59,0.000,6.784
54,0.1469,39.44,0.000,6.784
55,0.8907,275.89,0.000,6.784
56,0.9734,120.83,4.926,6.784
57,0.4200,650.70,0.000,6.784
58,0.6682,198.17,0.000,6.784
59,0.9511,243.06,0.000,6.784
60,0.6817,382.50,0.000,6.784
61,0.4016,510.72,0.000,6.784
62,0.9372,4.67,0.000,6.784
63,0.6468,523.52,0.000,6.784
64,0.9996,261.21,2.773,6.784
65,0.5286,499.46,0.000,6.784
66,0.6079,135.25,0.000,6.784
67,0.0300,327.11,0.000,6.784
68,0.6038,318.79,0.000,6.784
69,0.7880,90.94,0.000,6.784
70,0.8429,281.06,0.000,6.784
71,0.2888,24.10,0.000,6.784
72,0.9992,170.15,0.000,6.784
73,0.2207,677.08,0.000,6.784
74,0.1704,575.27,0.000,6.784
75,0.4145,379.92,0.000,6.784
76,0.9866,160.42,14.577,6.784
77,0.8353,149.92,0.000,6.784
78,0.9181,217.69,0.000,6.784
79,0.6646,473.71,0.000,6.784
80,0.8615,94.99,0.000,6.784
81,0.9412,114.72,12.835,6.784
82,0.9690,34.32,11.023,6.784
83,0.3981,601.67,0.000,6.784
84,0.4885,184.62,0.000,6.784
85,0.6999,215.24,0.000,6.784
86,0.9695,289.11,0.000,6.784
87,0.6663,388.09,0.000,6.784
88,0.9115,311.94,0.000,6.784
89,0.9692,298.20,0.000,6.784
90,0.2005,88.37,0.000,6.784
91,0.9930,57.51,4.244,6.784
92,0.7301,128.55,12.832,6.784
93,0.3472,375.97,3.020,6.784
94,0.6613,387.22,0.000,6.784
95,0.6807,512.35,8.676,6.784
96,0.0242,131.46,0.000,6.784
97,0.2814,79.64,0.000,6.784
98,0.3592,86.92,0.000,6.784
99,0.9999,263.27,0.000,6.784
100,0.5621,398.43,10.505,6.784
