Residue,S2_pred,S2_err,Tau_e_pred,Tau_e_err,Rex_pred,Rex_err,tauC_global,Field,Condition,S2_exp
4,0.0,0.2455485,147.82808,558.91504,2.5742714,6.9579945,9.484994,500.0,_sample_cond_1,0.05
6,0.108675025,0.12967542,271.27115,329.16806,0.4757666,1.8081828,9.484994,500.0,_sample_cond_1,0.11
7,0.029165506,0.16717431,226.88962,330.48312,1.2286832,1.5440794,9.484994,500.0,_sample_cond_1,0.08
9,0.08514528,0.044790667,413.32983,170.59476,0.0,0.21179783,9.484994,500.0,_sample_cond_1,0.05
10,0.10346562,0.033071846,523.0522,175.3968,0.0063270046,0.23040067,9.484994,500.0,_sample_cond_1,0.07
11,0.10371749,0.050931875,515.68567,229.99007,0.012258174,0.25117338,9.484994,500.0,_sample_cond_1,0.06
12,0.20801738,0.077166975,483.8584,274.11874,0.014100427,0.21277615,9.484994,500.0,_sample_cond_1,0.13
14,0.3863257,0.10888728,532.41187,486.32236,0.0,0.13823123,9.484994,500.0,_sample_cond_1,0.32
16,0.68630296,0.04784323,222.83229,291.357,0.0,0.10485103,9.484994,500.0,_sample_cond_1,0.52
17,0.7421414,0.051468547,124.54797,111.17715,0.018240077,0.06908248,9.484994,500.0,_sample_cond_1,0.8
18,0.75752205,0.0504678,99.59968,133.1511,0.009496232,0.045003287,9.484994,500.0,_sample_cond_1,0.87
19,0.8429915,0.046080492,119.535164,126.43426,0.010053558,0.055351216,9.484994,500.0,_sample_cond_1,0.87
20,0.7318885,0.020901052,248.14334,134.69534,0.0,0.03656469,9.484994,500.0,_sample_cond_1,0.69
21,0.8493279,0.04062315,104.75582,93.074356,0.008400029,0.06882879,9.484994,500.0,_sample_cond_1,0.92
22,0.82071316,0.070689276,94.396774,87.530754,0.34964794,1.3125554,9.484994,500.0,_sample_cond_1,0.96
23,0.8367238,0.053507064,128.7711,90.88803,0.23134014,0.98272043,9.484994,500.0,_sample_cond_1,0.97
24,0.7896986,0.06864673,191.57458,160.32599,4.256582,1.2431154,9.484994,500.0,_sample_cond_1,0.98
25,0.8454239,0.07549461,128.9964,104.46961,0.607862,1.6203103,9.484994,500.0,_sample_cond_1,0.97
26,0.9317753,0.025652172,238.17644,79.88504,0.0,0.068775155,9.484994,500.0,_sample_cond_1,1.0
27,0.86075866,0.051746204,107.7838,88.17716,0.0076886625,0.054523185,9.484994,500.0,_sample_cond_1,0.94
28,0.85932267,0.033012234,200.2616,111.49769,0.123641685,0.5103677,9.484994,500.0,_sample_cond_1,0.99
29,0.81517124,0.047738504,145.90602,122.13354,0.039996732,0.18909565,9.484994,500.0,_sample_cond_1,0.93
30,0.7376171,0.04841278,111.0944,91.89649,0.0,0.029659167,9.484994,500.0,_sample_cond_1,0.81
31,0.70297474,0.031015396,113.47012,83.36698,0.0,0.07421272,9.484994,500.0,_sample_cond_1,0.63
33,0.5360856,0.08398564,318.25125,206.60925,0.0,0.12833135,9.484994,500.0,_sample_cond_1,0.42
34,0.48955926,0.090284094,601.616,341.40918,0.0067200004,0.18105312,9.484994,500.0,_sample_cond_1,0.39
35,0.3938865,0.075801566,665.3959,346.74915,0.0056252093,0.16790219,9.484994,500.0,_sample_cond_1,0.35
36,0.29238626,0.07188769,715.77045,355.96198,0.010065478,0.15477291,9.484994,500.0,_sample_cond_1,0.26
